Poster_Link,Series_Title,Released_Year,Certificate,Runtime,Genre,IMDB_Rating,Overview,Meta_score,Director,Star1,Star2,Star3,Star4,No_of_Votes,Gross,Runtime_Minutes
"https://m.media-amazon.com/images/M/MV5BYWZjMjk3ZTItODQ2ZC00NTY5LWE0ZDYtZTI3MjcwN2Q5NTVkXkEyXkFqcGdeQXVyODk4OTc3MTY@._V1_UX67_CR0,0,67,98_AL_.jpg",Gisaengchung,2019.0,A,132 min,"Comedy, Drama, Thriller",8.6,Greed and class discrimination threaten the newly formed symbiotic relationship between the wealthy Park family and the destitute Kim clan.,96.0,Bong Joon Ho,Kang-ho Song,Lee Sun-kyun,Cho Yeo-jeong,Choi Woo-sik,552778.0,53367844.0,132.0
"https://m.media-amazon.com/images/M/MV5BNjNhZTk0ZmEtNjJhMi00YzFlLWE1MmEtYzM1M2ZmMGMwMTU4XkEyXkFqcGdeQXVyNjU0OTQ0OTY@._V1_UX67_CR0,0,67,98_AL_.jpg",The Silence of the Lambs,1991.0,A,118 min,"Crime, Drama, Thriller",8.6,"A young F.B.I. cadet must receive the help of an incarcerated and manipulative cannibal killer to help catch another serial killer, a madman who skins his victims.",85.0,Jonathan Demme,Jodie Foster,Anthony Hopkins,Lawrence A. Bonney,Kasi Lemmons,1270197.0,130742922.0,118.0
"https://m.media-amazon.com/images/M/MV5BNGVjNWI4ZGUtNzE0MS00YTJmLWE0ZDctN2ZiYTk2YmI3NTYyXkEyXkFqcGdeQXVyMTkxNjUyNQ@@._V1_UX67_CR0,0,67,98_AL_.jpg",Joker,2019.0,A,122 min,"Crime, Drama, Thriller",8.5,"In Gotham City, mentally troubled comedian Arthur Fleck is disregarded and mistreated by society. He then embarks on a downward spiral of revolution and bloody crime. This path brings him face-to-face with his alter-ego: the Joker.",59.0,Todd Phillips,Joaquin Phoenix,Robert De Niro,Zazie Beetz,Frances Conroy,939252.0,335451311.0,122.0
"https://m.media-amazon.com/images/M/MV5BMTI1MTY2OTIxNV5BMl5BanBnXkFtZTYwNjQ4NjY3._V1_UX67_CR0,0,67,98_AL_.jpg",The Departed,2006.0,A,151 min,"Crime, Drama, Thriller",8.5,An undercover cop and a mole in the police attempt to identify each other while infiltrating an Irish gang in South Boston.,85.0,Martin Scorsese,Leonardo DiCaprio,Matt Damon,Jack Nicholson,Mark Wahlberg,1189773.0,132384315.0,151.0
"https://m.media-amazon.com/images/M/MV5BYTViNjMyNmUtNDFkNC00ZDRlLThmMDUtZDU2YWE4NGI2ZjVmXkEyXkFqcGdeQXVyNjU0OTQ0OTY@._V1_UX67_CR0,0,67,98_AL_.jpg",The Usual Suspects,1995.0,A,106 min,"Crime, Mystery, Thriller",8.5,"A sole survivor tells of the twisty events leading up to a horrific gun battle on a boat, which began when five criminals met at a seemingly random police lineup.",77.0,Bryan Singer,Kevin Spacey,Gabriel Byrne,Chazz Palminteri,Stephen Baldwin,991208.0,23341568.0,106.0
"https://m.media-amazon.com/images/M/MV5BNTQwNDM1YzItNDAxZC00NWY2LTk0M2UtNDIwNWI5OGUyNWUxXkEyXkFqcGdeQXVyNzkwMjQ5NzM@._V1_UX67_CR0,0,67,98_AL_.jpg",Psycho,1960.0,A,109 min,"Horror, Mystery, Thriller",8.5,"A Phoenix secretary embezzles $40,000 from her employer's client, goes on the run, and checks into a remote motel run by a young man under the domination of his mother.",97.0,Alfred Hitchcock,Anthony Perkins,Janet Leigh,Vera Miles,John Gavin,604211.0,32000000.0,109.0
"https://m.media-amazon.com/images/M/MV5BOThkM2EzYmMtNDE3NS00NjlhLTg4YzktYTdhNzgyOWY3ZDYzXkEyXkFqcGdeQXVyNzQzNzQxNzI@._V1_UY98_CR1,0,67,98_AL_.jpg",The Lives of Others,2006.0,A,137 min,"Drama, Mystery, Thriller",8.4,"In 1984 East Berlin, an agent of the secret police, conducting surveillance on a writer and his lover, finds himself becoming increasingly absorbed by their lives.",89.0,Florian Henckel von Donnersmarck,Ulrich Mühe,Martina Gedeck,Sebastian Koch,Ulrich Tukur,358685.0,11286112.0,137.0
"https://m.media-amazon.com/images/M/MV5BZTcyNjk1MjgtOWI3Mi00YzQwLWI5MTktMzY4ZmI2NDAyNzYzXkEyXkFqcGdeQXVyNjU0OTQ0OTY@._V1_UX67_CR0,0,67,98_AL_.jpg",Memento,2000.0,UA,113 min,"Mystery, Thriller",8.4,A man with short-term memory loss attempts to track down his wife's murderer.,80.0,Christopher Nolan,Guy Pearce,Carrie-Anne Moss,Joe Pantoliano,Mark Boone Junior,1125712.0,25544867.0,113.0
"https://m.media-amazon.com/images/M/MV5BNGUxYWM3M2MtMGM3Mi00ZmRiLWE0NGQtZjE5ODI2OTJhNTU0XkEyXkFqcGdeQXVyMTQxNzMzNDI@._V1_UX67_CR0,0,67,98_AL_.jpg",Rear Window,1954.0,U,112 min,"Mystery, Thriller",8.4,A wheelchair-bound photographer spies on his neighbors from his apartment window and becomes convinced one of them has committed murder.,100.0,Alfred Hitchcock,James Stewart,Grace Kelly,Wendell Corey,Thelma Ritter,444074.0,36764313.0,112.0
"https://m.media-amazon.com/images/M/MV5BOTdmNTFjNDEtNzg0My00ZjkxLTg1ZDAtZTdkMDc2ZmFiNWQ1XkEyXkFqcGdeQXVyNTAzNzgwNTg@._V1_UX67_CR0,0,67,98_AL_.jpg",1917,2019.0,R,119 min,"Drama, Thriller, War",8.3,"April 6th, 1917. As a regiment assembles to wage war deep in enemy territory, two soldiers are assigned to race against time and deliver a message that will stop 1,600 men from walking straight into a deadly trap.",78.0,Sam Mendes,Dean-Charles Chapman,George MacKay,Daniel Mays,Colin Firth,425844.0,159227644.0,119.0
"https://m.media-amazon.com/images/M/MV5BYmY3MzYwMGUtOWMxYS00OGVhLWFjNmUtYzlkNGVmY2ZkMjA3XkEyXkFqcGdeQXVyMTExNDQ2MTI@._V1_UY98_CR4,0,67,98_AL_.jpg",Drishyam,2013.0,U,160 min,"Crime, Drama, Thriller",8.3,A man goes to extreme lengths to save his family from punishment after the family commits an accidental crime.,79.0,Jeethu Joseph,Mohanlal,Meena,Asha Sharath,Ansiba,30722.0,23584078.5,160.0
"https://m.media-amazon.com/images/M/MV5BZmExNmEwYWItYmQzOS00YjA5LTk2MjktZjEyZDE1Y2QxNjA1XkEyXkFqcGdeQXVyMTQxNzMzNDI@._V1_UX67_CR0,0,67,98_AL_.jpg",Reservoir Dogs,1992.0,R,99 min,"Crime, Drama, Thriller",8.3,"When a simple jewelry heist goes horribly wrong, the surviving criminals begin to suspect that one of them is a police informant.",79.0,Quentin Tarantino,Harvey Keitel,Tim Roth,Michael Madsen,Chris Penn,918562.0,2832029.0,99.0
"https://m.media-amazon.com/images/M/MV5BODM4Njg0NTAtYjI5Ny00ZjAxLTkwNmItZTMxMWU5M2U3M2RjXkEyXkFqcGdeQXVyNzkwMjQ5NzM@._V1_UX67_CR0,0,67,98_AL_.jpg",Idi i smotri,1985.0,A,142 min,"Drama, Thriller, War",8.3,"After finding an old rifle, a young boy joins the Soviet resistance movement against ruthless German forces and experiences the horrors of World War II.",79.0,Elem Klimov,Aleksey Kravchenko,Olga Mironova,Liubomiras Laucevicius,Vladas Bagdonas,59056.0,23584078.5,142.0
"https://m.media-amazon.com/images/M/MV5BOGZhZDIzNWMtNjkxMS00MDQ1LThkMTYtZWQzYWU3MWMxMGU5XkEyXkFqcGdeQXVyNjc1NTYyMjg@._V1_UX67_CR0,0,67,98_AL_.jpg",Das Boot,1981.0,R,149 min,"Adventure, Drama, Thriller",8.3,"The claustrophobic world of a WWII German U-boat; boredom, filth and sheer terror.",86.0,Wolfgang Petersen,Jürgen Prochnow,Herbert Grönemeyer,Klaus Wennemann,Hubertus Bengsch,231855.0,11487676.0,149.0
"https://m.media-amazon.com/images/M/MV5BZDA3NDExMTUtMDlhOC00MmQ5LWExZGUtYmI1NGVlZWI4OWNiXkEyXkFqcGdeQXVyNjc1NTYyMjg@._V1_UX67_CR0,0,67,98_AL_.jpg",North by Northwest,1959.0,U,136 min,"Adventure, Mystery, Thriller",8.3,A New York City advertising executive goes on the run after being mistaken for a government agent by a group of foreign spies.,98.0,Alfred Hitchcock,Cary Grant,Eva Marie Saint,James Mason,Jessie Royce Landis,299198.0,13275000.0,136.0
"https://m.media-amazon.com/images/M/MV5BYTE4ODEwZDUtNDFjOC00NjAxLWEzYTQtYTI1NGVmZmFlNjdiL2ltYWdlL2ltYWdlXkEyXkFqcGdeQXVyNjc1NTYyMjg@._V1_UX67_CR0,0,67,98_AL_.jpg",Vertigo,1958.0,A,128 min,"Mystery, Romance, Thriller",8.3,A former police detective juggles wrestling with his personal demons and becoming obsessed with a hauntingly beautiful woman.,100.0,Alfred Hitchcock,James Stewart,Kim Novak,Barbara Bel Geddes,Tom Helmore,364368.0,3200000.0,128.0
"https://m.media-amazon.com/images/M/MV5BODA4ODk3OTEzMF5BMl5BanBnXkFtZTgwMTQ2ODMwMzE@._V1_UX67_CR0,0,67,98_AL_.jpg",M - Eine Stadt sucht einen Mörder,1931.0,Passed,117 min,"Crime, Mystery, Thriller",8.3,"When the police in a German city are unable to catch a child-murderer, other criminals join in the manhunt.",79.0,Fritz Lang,Peter Lorre,Ellen Widmann,Inge Landgut,Otto Wernicke,143434.0,28877.0,117.0
"https://m.media-amazon.com/images/M/MV5BYzhiNDkyNzktNTZmYS00ZTBkLTk2MDAtM2U0YjU1MzgxZjgzXkEyXkFqcGdeQXVyMTMxODk2OTU@._V1_UX67_CR0,0,67,98_AL_.jpg",Shutter Island,2010.0,A,138 min,"Mystery, Thriller",8.2,"In 1954, a U.S. Marshal investigates the disappearance of a murderer who escaped from a hospital for the criminally insane.",63.0,Martin Scorsese,Leonardo DiCaprio,Emily Mortimer,Mark Ruffalo,Ben Kingsley,1129894.0,128012934.0,138.0
"https://m.media-amazon.com/images/M/MV5BOGQ4ZjFmYjktOGNkNS00OWYyLWIyZjgtMGJjM2U1ZTA0ZTlhXkEyXkFqcGdeQXVyNTA4NzY1MzY@._V1_UY98_CR1,0,67,98_AL_.jpg",Eskiya,1996.0,,128 min,"Crime, Drama, Thriller",8.2,"Baran the Bandit, released from prison after 35 years, searches for vengeance and his lover.",79.0,Yavuz Turgul,Sener Sen,Ugur Yücel,Sermin Hürmeriç,Yesim Salkim,64118.0,23584078.5,128.0
"https://m.media-amazon.com/images/M/MV5BNGMwNzUwNjYtZWM5NS00YzMyLWI4NjAtNjM0ZDBiMzE1YWExXkEyXkFqcGdeQXVyNDk3NzU2MTQ@._V1_UX67_CR0,0,67,98_AL_.jpg",Heat,1995.0,A,170 min,"Crime, Drama, Thriller",8.2,A group of professional bank robbers start to feel the heat from police when they unknowingly leave a clue at their latest heist.,76.0,Michael Mann,Al Pacino,Robert De Niro,Val Kilmer,Jon Voight,577113.0,67436818.0,170.0
"https://m.media-amazon.com/images/M/MV5BZjRlNDUxZjAtOGQ4OC00OTNlLTgxNmQtYTBmMDgwZmNmNjkxXkEyXkFqcGdeQXVyNzkwMjQ5NzM@._V1_UX67_CR0,0,67,98_AL_.jpg",Die Hard,1988.0,A,132 min,"Action, Thriller",8.2,An NYPD officer tries to save his wife and several others taken hostage by German terrorists during a Christmas party at the Nakatomi Plaza in Los Angeles.,72.0,John McTiernan,Bruce Willis,Alan Rickman,Bonnie Bedelia,Reginald VelJohnson,793164.0,83008852.0,132.0
"https://m.media-amazon.com/images/M/MV5BZThiZjAzZjgtNDU3MC00YThhLThjYWUtZGRkYjc2ZWZlOTVjXkEyXkFqcGdeQXVyNTA4NzY1MzY@._V1_UX67_CR0,0,67,98_AL_.jpg",Yôjinbô,1961.0,,110 min,"Action, Drama, Thriller",8.2,A crafty ronin comes to a town divided by two criminal gangs and decides to play them against each other to free the town.,79.0,Akira Kurosawa,Toshirô Mifune,Eijirô Tôno,Tatsuya Nakadai,Yôko Tsukasa,111244.0,23584078.5,110.0
"https://m.media-amazon.com/images/M/MV5BNjZmZGRiMDgtNDkwNi00OTZhLWFhZmMtYTdkYjgyNThhOWY3XkEyXkFqcGdeQXVyMTA1NTM1NDI2._V1_UX67_CR0,0,67,98_AL_.jpg",Du rififi chez les hommes,1955.0,,118 min,"Crime, Drama, Thriller",8.2,"Four men plan a technically perfect crime, but the human element intervenes...",97.0,Jules Dassin,Jean Servais,Carl Möhner,Robert Manuel,Janine Darcey,28810.0,57226.0,118.0
"https://m.media-amazon.com/images/M/MV5BOWIwODIxYWItZDI4MS00YzhhLWE3MmYtMzlhZDIwOTMzZmE5L2ltYWdlXkEyXkFqcGdeQXVyNjc1NTYyMjg@._V1_UX67_CR0,0,67,98_AL_.jpg",Dial M for Murder,1954.0,A,105 min,"Crime, Thriller",8.2,A former tennis player tries to arrange his wife's murder after learning of her affair.,75.0,Alfred Hitchcock,Ray Milland,Grace Kelly,Robert Cummings,John Williams,158335.0,12562.0,105.0
"https://m.media-amazon.com/images/M/MV5BNGI1MTI1YTQtY2QwYi00YzUzLTg3NWYtNzExZDlhOTZmZWU0XkEyXkFqcGdeQXVyMDkwNTkwNg@@._V1_UY98_CR3,0,67,98_AL_.jpg",Pink,2016.0,UA,136 min,"Drama, Thriller",8.1,"When three young women are implicated in a crime, a retired lawyer steps forward to help them clear their names.",79.0,Aniruddha Roy Chowdhury,Taapsee Pannu,Amitabh Bachchan,Kirti Kulhari,Andrea Tariang,39216.0,1241223.0,136.0
"https://m.media-amazon.com/images/M/MV5BNDJhYTk2MTctZmVmOS00OTViLTgxNjQtMzQxOTRiMDdmNGRjXkEyXkFqcGdeQXVyMTMxODk2OTU@._V1_UY98_CR0,0,67,98_AL_.jpg",Ah-ga-ssi,2016.0,A,145 min,"Drama, Romance, Thriller",8.1,"A woman is hired as a handmaiden to a Japanese heiress, but secretly she is involved in a plot to defraud her.",84.0,Chan-wook Park,Kim Min-hee,Jung-woo Ha,Cho Jin-woong,Moon So-Ri,113649.0,2006788.0,145.0
"https://m.media-amazon.com/images/M/MV5BMjE4NzgzNzEwMl5BMl5BanBnXkFtZTgwMTMzMDE0NjE@._V1_UX67_CR0,0,67,98_AL_.jpg",Room,2015.0,R,118 min,"Drama, Thriller",8.1,"Held captive for 7 years in an enclosed space, a woman and her young son finally gain their freedom, allowing the boy to experience the outside world for the first time.",86.0,Lenny Abrahamson,Brie Larson,Jacob Tremblay,Sean Bridgers,Wendy Crewson,371538.0,14677674.0,118.0
"https://m.media-amazon.com/images/M/MV5BNGQzY2Y0MTgtMDA4OC00NjM3LWI0ZGQtNTJlM2UxZDQxZjI0XkEyXkFqcGdeQXVyNDUzOTQ5MjY@._V1_UY98_CR1,0,67,98_AL_.jpg",Relatos salvajes,2014.0,R,122 min,"Comedy, Drama, Thriller",8.1,Six short stories that explore the extremities of human behavior involving people in distress.,77.0,Damián Szifron,Darío Grandinetti,María Marull,Mónica Villa,Diego Starosta,177059.0,3107072.0,122.0
"https://m.media-amazon.com/images/M/MV5BMTk0MDQ3MzAzOV5BMl5BanBnXkFtZTgwNzU1NzE3MjE@._V1_UX67_CR0,0,67,98_AL_.jpg",Gone Girl,2014.0,A,149 min,"Drama, Mystery, Thriller",8.1,"With his wife's disappearance having become the focus of an intense media circus, a man sees the spotlight turned on him when it's suspected that he may not be innocent.",79.0,David Fincher,Ben Affleck,Rosamund Pike,Neil Patrick Harris,Tyler Perry,859695.0,167767189.0,149.0
"https://m.media-amazon.com/images/M/MV5BMTQ1NDI0NzkyOF5BMl5BanBnXkFtZTcwNzAyNzE2Nw@@._V1_UY98_CR0,0,67,98_AL_.jpg",Kahaani,2012.0,UA,122 min,"Mystery, Thriller",8.1,"A pregnant woman's search for her missing husband takes her from London to Kolkata, but everyone she questions denies having ever met him.",79.0,Sujoy Ghosh,Vidya Balan,Parambrata Chattopadhyay,Indraneil Sengupta,Nawazuddin Siddiqui,57806.0,1035953.0,122.0
"https://m.media-amazon.com/images/M/MV5BMjA5Njk3MjM4OV5BMl5BanBnXkFtZTcwMTc5MTE1MQ@@._V1_UX67_CR0,0,67,98_AL_.jpg",No Country for Old Men,2007.0,R,122 min,"Crime, Drama, Thriller",8.1,Violence and mayhem ensue after a hunter stumbles upon a drug deal gone wrong and more than two million dollars in cash near the Rio Grande.,91.0,Ethan Coen,Joel Coen,Tommy Lee Jones,Javier Bardem,Josh Brolin,856916.0,74283625.0,122.0
"https://m.media-amazon.com/images/M/MV5BMjQxMWJhMzMtMzllZi00NzMwLTllYjktNTcwZmU4ZmU3NTA0XkEyXkFqcGdeQXVyMTAzMDM4MjM0._V1_UY98_CR3,0,67,98_AL_.jpg",Amores perros,2000.0,A,154 min,"Drama, Thriller",8.1,"A horrific car accident connects three stories, each involving characters dealing with loss, regret, and life's harsh realities, all in the name of love.",83.0,Alejandro G. Iñárritu,Emilio Echevarría,Gael García Bernal,Goya Toledo,Álvaro Guerrero,223741.0,5383834.0,154.0
"https://m.media-amazon.com/images/M/MV5BMWM4NTFhYjctNzUyNi00NGMwLTk3NTYtMDIyNTZmMzRlYmQyXkEyXkFqcGdeQXVyMTAwMzUyOTc@._V1_UX67_CR0,0,67,98_AL_.jpg",The Sixth Sense,1999.0,A,107 min,"Drama, Mystery, Thriller",8.1,A boy who communicates with spirits seeks the help of a disheartened child psychologist.,64.0,M. Night Shyamalan,Bruce Willis,Haley Joel Osment,Toni Collette,Olivia Williams,911573.0,293506292.0,107.0
"https://m.media-amazon.com/images/M/MV5BNDJiZDgyZjctYmRjMS00ZjdkLTkwMTEtNGU1NDg3NDQ0Yzk1XkEyXkFqcGdeQXVyNzkwMjQ5NzM@._V1_UX67_CR0,0,67,98_AL_.jpg",Fargo,1996.0,A,98 min,"Crime, Drama, Thriller",8.1,Jerry Lundegaard's inept crime falls apart due to his and his henchmen's bungling and the persistent police work of the quite pregnant Marge Gunderson.,85.0,Joel Coen,Ethan Coen,William H. Macy,Frances McDormand,Steve Buscemi,617444.0,24611975.0,98.0
"https://m.media-amazon.com/images/M/MV5BNzQzMzJhZTEtOWM4NS00MTdhLTg0YjgtMjM4MDRkZjUwZDBlXkEyXkFqcGdeQXVyNjU0OTQ0OTY@._V1_UX67_CR0,0,67,98_AL_.jpg",Blade Runner,1982.0,UA,117 min,"Action, Sci-Fi, Thriller",8.1,"A blade runner must pursue and terminate four replicants who stole a ship in space, and have returned to Earth to find their creator.",84.0,Ridley Scott,Harrison Ford,Rutger Hauer,Sean Young,Edward James Olmos,693827.0,32868943.0,117.0
"https://m.media-amazon.com/images/M/MV5BOGMwYmY5ZmEtMzY1Yi00OWJiLTk1Y2MtMzI2MjBhYmZkNTQ0XkEyXkFqcGdeQXVyNzkwMjQ5NzM@._V1_UX67_CR0,0,67,98_AL_.jpg",Chinatown,1974.0,UA,130 min,"Drama, Mystery, Thriller",8.1,"A private detective hired to expose an adulterer finds himself caught up in a web of deceit, corruption, and murder.",92.0,Roman Polanski,Jack Nicholson,Faye Dunaway,John Huston,Perry Lopez,294230.0,29000000.0,130.0
"https://m.media-amazon.com/images/M/MV5BMTM0YzExY2EtMjUyZi00ZmIwLWFkYTktNjY5NmVkYTdkMjI5XkEyXkFqcGdeQXVyNzQxNDExNTU@._V1_UY98_CR0,0,67,98_AL_.jpg",Persona,1966.0,,85 min,"Drama, Thriller",8.1,A nurse is put in charge of a mute actress and finds that their personae are melding together.,86.0,Ingmar Bergman,Bibi Andersson,Liv Ullmann,Margaretha Krook,Gunnar Björnstrand,103191.0,23584078.5,85.0
"https://m.media-amazon.com/images/M/MV5BZmI0M2VmNTgtMWVhYS00Zjg1LTk1YTYtNmJmMjRkZmMwYTc2XkEyXkFqcGdeQXVyNTA4NzY1MzY@._V1_UX67_CR0,0,67,98_AL_.jpg",What Ever Happened to Baby Jane?,1962.0,Passed,134 min,"Drama, Horror, Thriller",8.1,A former child star torments her paraplegic sister in their decaying Hollywood mansion.,75.0,Robert Aldrich,Bette Davis,Joan Crawford,Victor Buono,Wesley Addy,50058.0,4050000.0,134.0
"https://m.media-amazon.com/images/M/MV5BY2I0MWFiZDMtNWQyYy00Njk5LTk3MDktZjZjNTNmZmVkYjkxXkEyXkFqcGdeQXVyNjc1NTYyMjg@._V1_UX67_CR0,0,67,98_AL_.jpg",On the Waterfront,1954.0,A,108 min,"Crime, Drama, Thriller",8.1,An ex-prize fighter turned longshoreman struggles to stand up to his corrupt union bosses.,91.0,Elia Kazan,Marlon Brando,Karl Malden,Lee J. Cobb,Rod Steiger,142107.0,9600000.0,108.0
"https://m.media-amazon.com/images/M/MV5BZDdkNzMwZmUtY2Q5MS00ZmM2LWJhYjItYTBjMWY0MGM4MDRjXkEyXkFqcGdeQXVyNTA4NzY1MzY@._V1_UY98_CR0,0,67,98_AL_.jpg",Le salaire de la peur,1953.0,U,131 min,"Adventure, Drama, Thriller",8.1,"In a decrepit South American village, four men are hired to transport an urgent nitroglycerine shipment without the equipment that would make it safe.",85.0,Henri-Georges Clouzot,Yves Montand,Charles Vanel,Peter van Eyck,Folco Lulli,54588.0,23584078.5,131.0
"https://m.media-amazon.com/images/M/MV5BYjE2OTdhMWUtOGJlMy00ZDViLWIzZjgtYjZkZGZmMDZjYmEyXkEyXkFqcGdeQXVyNzkwMjQ5NzM@._V1_UX67_CR0,0,67,98_AL_.jpg",The Third Man,1949.0,Approved,104 min,"Film-Noir, Mystery, Thriller",8.1,"Pulp novelist Holly Martins travels to shadowy, postwar Vienna, only to find himself investigating the mysterious death of an old friend, Harry Lime.",97.0,Carol Reed,Orson Welles,Joseph Cotten,Alida Valli,Trevor Howard,158731.0,449191.0,104.0
"https://m.media-amazon.com/images/M/MV5BYTdhNjBjZDctYTlkYy00ZGIxLWFjYTktODk5ZjNlMzI4NjI3XkEyXkFqcGdeQXVyMjY1MjkzMjE@._V1_UY98_CR0,0,67,98_AL_.jpg",Baby,2015.0,UA,159 min,"Action, Crime, Thriller",8.0,"An elite counter-intelligence unit learns of a plot, masterminded by a maniacal madman. With the clock ticking, it's up to them to track the terrorists' international tentacles and prevent them from striking at the heart of India.",79.0,Neeraj Pandey,Akshay Kumar,Danny Denzongpa,Rana Daggubati,Taapsee Pannu,52848.0,23584078.5,159.0
"https://m.media-amazon.com/images/M/MV5BMTQ1NDI5MjMzNF5BMl5BanBnXkFtZTcwMTc0MDQwOQ@@._V1_UY98_CR0,0,67,98_AL_.jpg",Special Chabbis,2013.0,UA,144 min,"Crime, Drama, Thriller",8.0,A gang of con-men rob prominent rich businessmen and politicians by posing as C.B.I and income tax officers.,79.0,Neeraj Pandey,Akshay Kumar,Anupam Kher,Manoj Bajpayee,Jimmy Sheirgill,51069.0,1079369.0,144.0
"https://m.media-amazon.com/images/M/MV5BMTg5MTE2NjA4OV5BMl5BanBnXkFtZTgwMTUyMjczMTE@._V1_UX67_CR0,0,67,98_AL_.jpg",Serbuan maut 2: Berandal,2014.0,A,150 min,"Action, Crime, Thriller",8.0,"Only a short time after the first raid, Rama goes undercover with the thugs of Jakarta and plans to bring down the syndicate and uncover the corruption within his police force.",71.0,Gareth Evans,Iko Uwais,Yayan Ruhian,Arifin Putra,Oka Antara,114316.0,2625803.0,150.0
"https://m.media-amazon.com/images/M/MV5BOTgwMzFiMWYtZDhlNS00ODNkLWJiODAtZDVhNzgyNzJhYjQ4L2ltYWdlXkEyXkFqcGdeQXVyNzEzOTYxNTQ@._V1_UX67_CR0,0,67,98_AL_.jpg",The Imitation Game,2014.0,UA,114 min,"Biography, Drama, Thriller",8.0,"During World War II, the English mathematical genius Alan Turing tries to crack the German Enigma code with help from fellow mathematicians.",73.0,Morten Tyldum,Benedict Cumberbatch,Keira Knightley,Matthew Goode,Allen Leech,685201.0,91125683.0,114.0
"https://m.media-amazon.com/images/M/MV5BMjE2NjEyMDg0M15BMl5BanBnXkFtZTcwODYyODg5Mg@@._V1_UY98_CR0,0,67,98_AL_.jpg",Nefes: Vatan Sagolsun,2009.0,,128 min,"Action, Drama, Thriller",8.0,Story of 40-man Turkish task force who must defend a relay station.,79.0,Levent Semerci,Erdem Can,Mete Horozoglu,Ilker Kizmaz,Baris Bagci,31838.0,23584078.5,128.0
"https://m.media-amazon.com/images/M/MV5BNzY2NzI4OTE5MF5BMl5BanBnXkFtZTcwMjMyNDY4Mw@@._V1_UX67_CR0,0,67,98_AL_.jpg",Black Swan,2010.0,A,108 min,"Drama, Thriller",8.0,"A committed dancer struggles to maintain her sanity after winning the lead role in a production of Tchaikovsky's ""Swan Lake"".",79.0,Darren Aronofsky,Natalie Portman,Mila Kunis,Vincent Cassel,Winona Ryder,699673.0,106954678.0,108.0
"https://m.media-amazon.com/images/M/MV5BZDMxOGZhNWYtMzRlYy00Mzk5LWJjMjEtNmQ4NDU4M2QxM2UzXkEyXkFqcGdeQXVyNTA4NzY1MzY@._V1_UX67_CR0,0,67,98_AL_.jpg",Blood Diamond,2006.0,A,143 min,"Adventure, Drama, Thriller",8.0,"A fisherman, a smuggler, and a syndicate of businessmen match wits over the possession of a priceless diamond.",64.0,Edward Zwick,Leonardo DiCaprio,Djimon Hounsou,Jennifer Connelly,Kagiso Kuypers,499439.0,57366262.0,143.0
"https://m.media-amazon.com/images/M/MV5BNGNiNmU2YTMtZmU4OS00MjM0LTlmYWUtMjVlYjAzYjE2N2RjXkEyXkFqcGdeQXVyNDk3NzU2MTQ@._V1_UX67_CR0,0,67,98_AL_.jpg",The Bourne Ultimatum,2007.0,UA,115 min,"Action, Mystery, Thriller",8.0,Jason Bourne dodges a ruthless C.I.A. official and his Agents from a new assassination program while searching for the origins of his life as a trained killer.,85.0,Paul Greengrass,Matt Damon,Edgar Ramírez,Joan Allen,Julia Stiles,604694.0,227471070.0,115.0
"https://m.media-amazon.com/images/M/MV5BODZmYjMwNzEtNzVhNC00ZTRmLTk2M2UtNzE1MTQ2ZDAxNjc2XkEyXkFqcGdeQXVyMTQxNzMzNDI@._V1_UX67_CR0,0,67,98_AL_.jpg",Sin City,2005.0,A,124 min,"Crime, Thriller",8.0,"A movie that explores the dark and miserable town, Basin City, tells the story of three different people, all caught up in violent corruption.",74.0,Frank Miller,Quentin Tarantino,Robert Rodriguez,Mickey Rourke,Clive Owen,738512.0,74103820.0,124.0
"https://m.media-amazon.com/images/M/MV5BMDI5ZWJhOWItYTlhOC00YWNhLTlkNzctNDU5YTI1M2E1MWZhXkEyXkFqcGdeQXVyNTIzOTk5ODM@._V1_UX67_CR0,0,67,98_AL_.jpg",Casino Royale,2006.0,PG-13,144 min,"Action, Adventure, Thriller",8.0,"After earning 00 status and a licence to kill, Secret Agent James Bond sets out on his first mission as 007. Bond must defeat a private banker funding terrorists in a high-stakes game of poker at Casino Royale, Montenegro.",80.0,Martin Campbell,Daniel Craig,Eva Green,Judi Dench,Jeffrey Wright,582239.0,167445960.0,144.0
"https://m.media-amazon.com/images/M/MV5BNmFiYmJmN2QtNWQwMi00MzliLThiOWMtZjQxNGRhZTQ1MjgyXkEyXkFqcGdeQXVyNzQ1ODk3MTQ@._V1_UX67_CR0,0,67,98_AL_.jpg",Kill Bill: Vol. 2,2004.0,A,137 min,"Action, Crime, Thriller",8.0,"The Bride continues her quest of vengeance against her former boss and lover Bill, the reclusive bouncer Budd, and the treacherous, one-eyed Elle.",83.0,Quentin Tarantino,Uma Thurman,David Carradine,Michael Madsen,Daryl Hannah,683900.0,66208183.0,137.0
"https://m.media-amazon.com/images/M/MV5BN2Y2OWU4MWMtNmIyMy00YzMyLWI0Y2ItMTcyZDc3MTdmZDU4XkEyXkFqcGdeQXVyMTQxNzMzNDI@._V1_UX67_CR0,0,67,98_AL_.jpg",Twelve Monkeys,1995.0,A,129 min,"Mystery, Sci-Fi, Thriller",8.0,"In a future world devastated by disease, a convict is sent back in time to gather information about the man-made virus that wiped out most of the human population on the planet.",74.0,Terry Gilliam,Bruce Willis,Madeleine Stowe,Brad Pitt,Joseph Melito,578443.0,57141459.0,129.0
"https://m.media-amazon.com/images/M/MV5BYjYyODExMDctZjgwYy00ZjQwLWI4OWYtOGFlYjA4ZjEzNmY1XkEyXkFqcGdeQXVyNTAyODkwOQ@@._V1_UX67_CR0,0,67,98_AL_.jpg",JFK,1991.0,UA,189 min,"Drama, History, Thriller",8.0,New Orleans District Attorney Jim Garrison discovers there's more to the Kennedy assassination than the official story.,72.0,Oliver Stone,Kevin Costner,Gary Oldman,Jack Lemmon,Walter Matthau,142110.0,70405498.0,189.0
"https://m.media-amazon.com/images/M/MV5BMmVmODY1MzEtYTMwZC00MzNhLWFkNDMtZjAwM2EwODUxZTA5XkEyXkFqcGdeQXVyNTAyODkwOQ@@._V1_UX67_CR0,0,67,98_AL_.jpg",Jaws,1975.0,A,124 min,"Adventure, Thriller",8.0,"When a killer shark unleashes chaos on a beach community, it's up to a local sheriff, a marine biologist, and an old seafarer to hunt the beast down.",87.0,Steven Spielberg,Roy Scheider,Robert Shaw,Richard Dreyfuss,Lorraine Gary,543388.0,260000000.0,124.0
"https://m.media-amazon.com/images/M/MV5BM2EzZmFmMmItODY3Zi00NjdjLWE0MTYtZWQ3MGIyM2M4YjZhXkEyXkFqcGdeQXVyMzg2MzE2OTE@._V1_UX67_CR0,0,67,98_AL_.jpg",Sleuth,1972.0,PG,138 min,"Mystery, Thriller",8.0,"A man who loves games and theater invites his wife's lover to meet him, setting up a battle of wits with potentially deadly results.",79.0,Joseph L. Mankiewicz,Laurence Olivier,Michael Caine,Alec Cawthorne,John Matthews,44748.0,4081254.0,138.0
"https://m.media-amazon.com/images/M/MV5BZDVlNTBjMjctNjAzNS00ZGJhLTg2NzMtNzIwYTIzYTBiMDkyXkEyXkFqcGdeQXVyNTA4NzY1MzY@._V1_UX67_CR0,0,67,98_AL_.jpg",Arsenic and Old Lace,1942.0,,118 min,"Comedy, Crime, Thriller",8.0,A writer of books on the futility of marriage risks his reputation when he decides to get married. Things get even more complicated when he learns on his wedding day that his beloved maiden aunts are habitual murderers.,79.0,Frank Capra,Cary Grant,Priscilla Lane,Raymond Massey,Jack Carson,65101.0,23584078.5,118.0
"https://m.media-amazon.com/images/M/MV5BMTEyMTQzMjQ0MTJeQTJeQWpwZ15BbWU4MDcyMjg4OTEx._V1_UY98_CR1,0,67,98_AL_.jpg",Bronenosets Potemkin,1925.0,,75 min,"Drama, History, Thriller",8.0,"In the midst of the Russian Revolution of 1905, the crew of the battleship Potemkin mutiny against the brutal, tyrannical regime of the vessel's officers. The resulting street demonstration in Odessa brings on a police massacre.",97.0,Sergei M. Eisenstein,Aleksandr Antonov,Vladimir Barskiy,Grigoriy Aleksandrov,Ivan Bobrov,53054.0,50970.0,75.0
"https://m.media-amazon.com/images/M/MV5BN2U1YzdhYWMtZWUzMi00OWI1LWFkM2ItNWVjM2YxMGQ2MmNhXkEyXkFqcGdeQXVyNjU0OTQ0OTY@._V1_UY98_CR0,0,67,98_AL_.jpg",Nightcrawler,2014.0,A,117 min,"Crime, Drama, Thriller",7.9,"When Louis Bloom, a con man desperate for work, muscles into the world of L.A. crime journalism, he blurs the line between observer and participant to become the star of his own story.",76.0,Dan Gilroy,Jake Gyllenhaal,Rene Russo,Bill Paxton,Riz Ahmed,466134.0,32381218.0,117.0
"https://m.media-amazon.com/images/M/MV5BYmQ5MzFjYWMtMTMwNC00ZGU5LWI3YTQtYzhkMGExNGFlY2Q0XkEyXkFqcGdeQXVyNTIzOTk5ODM@._V1_UX67_CR0,0,67,98_AL_.jpg",District 9,2009.0,A,112 min,"Action, Sci-Fi, Thriller",7.9,Violence ensues after an extraterrestrial race forced to live in slum-like conditions on Earth finds a kindred spirit in a government agent exposed to their biotechnology.,81.0,Neill Blomkamp,Sharlto Copley,David James,Jason Cope,Nathalie Boltt,638202.0,115646235.0,112.0
"https://m.media-amazon.com/images/M/MV5BM2JkNGU0ZGMtZjVjNS00NjgyLWEyOWYtZmRmZGQyN2IxZjA2XkEyXkFqcGdeQXVyNTIzOTk5ODM@._V1_UX67_CR0,0,67,98_AL_.jpg",The Bourne Identity,2002.0,UA,119 min,"Action, Mystery, Thriller",7.9,"A man is picked up by a fishing boat, bullet-riddled and suffering from amnesia, before racing to elude assassins and attempting to regain his memory.",68.0,Doug Liman,Franka Potente,Matt Damon,Chris Cooper,Clive Owen,508771.0,121661683.0,119.0
"https://m.media-amazon.com/images/M/MV5BMTYxMDdlYjItMDVkYy00MjYzLThhMTYtYjIzZjZiODk1ZWRmXkEyXkFqcGdeQXVyNDk3NzU2MTQ@._V1_UX67_CR0,0,67,98_AL_.jpg",Nueve reinas,2000.0,R,114 min,"Crime, Drama, Thriller",7.9,"Two con artists try to swindle a stamp collector by selling him a sheet of counterfeit rare stamps (the ""nine queens"").",80.0,Fabián Bielinsky,Ricardo Darín,Gastón Pauls,Graciela Tenenbaum,María Mercedes Villagra,49721.0,1221261.0,114.0
"https://m.media-amazon.com/images/M/MV5BYjBhZmViNTItMGExMy00MGNmLTkwZDItMDVlMTQ4ODVkYTMwXkEyXkFqcGdeQXVyNzM0MTUwNTY@._V1_UY98_CR1,0,67,98_AL_.jpg",Mulholland Dr.,2001.0,R,147 min,"Drama, Mystery, Thriller",7.9,"After a car wreck on the winding Mulholland Drive renders a woman amnesiac, she and a perky Hollywood-hopeful search for clues and answers across Los Angeles in a twisting venture beyond dreams and reality.",85.0,David Lynch,Naomi Watts,Laura Harring,Justin Theroux,Jeanne Bates,322031.0,7220243.0,147.0
"https://m.media-amazon.com/images/M/MV5BN2I2N2Q1YmMtMzZkMC00Y2JjLWJmOWUtNjc2OTM2ZTk1MjUyXkEyXkFqcGdeQXVyNzkwMjQ5NzM@._V1_UX67_CR0,0,67,98_AL_.jpg",Carlito's Way,1993.0,A,144 min,"Crime, Drama, Thriller",7.9,"A Puerto Rican former convict, just released from prison, pledges to stay away from drugs and violence despite the pressure around him and lead on to a better life outside of N.Y.C.",65.0,Brian De Palma,Al Pacino,Sean Penn,Penelope Ann Miller,John Leguizamo,201000.0,36948322.0,144.0
"https://m.media-amazon.com/images/M/MV5BYTVjYWJmMWQtYWU4Ni00MWY3LWI2YmMtNTI5MDE0MWVmMmEzL2ltYWdlXkEyXkFqcGdeQXVyMTQxNzMzNDI@._V1_UX67_CR0,0,67,98_AL_.jpg",The Untouchables,1987.0,A,119 min,"Crime, Drama, Thriller",7.9,"During the era of Prohibition in the United States, Federal Agent Eliot Ness sets out to stop ruthless Chicago gangster Al Capone and, because of rampant corruption, assembles a small, hand-picked team to help him.",79.0,Brian De Palma,Kevin Costner,Sean Connery,Robert De Niro,Charles Martin Smith,281842.0,76270454.0,119.0
"https://m.media-amazon.com/images/M/MV5BMzRmN2E1ZDUtZDc2ZC00ZmI3LTkwOTctNzE2ZDIzMGJiMTYzXkEyXkFqcGdeQXVyMTQxNzMzNDI@._V1_UX67_CR0,0,67,98_AL_.jpg",Night of the Living Dead,1968.0,,96 min,"Horror, Thriller",7.9,A ragtag group of Pennsylvanians barricade themselves in an old farmhouse to remain safe from a horde of flesh-eating ghouls that are ravaging the East Coast of the United States.,89.0,George A. Romero,Duane Jones,Judith O'Dea,Karl Hardman,Marilyn Eastman,116557.0,89029.0,96.0
"https://m.media-amazon.com/images/M/MV5BOTY0ZTA1ZjUtN2MyNi00ZGRmLWExYmMtOTkyNzI1NGQ2Y2RlXkEyXkFqcGdeQXVyNjc1NTYyMjg@._V1_UX67_CR0,0,67,98_AL_.jpg",The Manchurian Candidate,1962.0,PG-13,126 min,"Drama, Thriller",7.9,A former prisoner of war is brainwashed as an unwitting assassin for an international Communist conspiracy.,94.0,John Frankenheimer,Frank Sinatra,Laurence Harvey,Janet Leigh,Angela Lansbury,71122.0,23584078.5,126.0
"https://m.media-amazon.com/images/M/MV5BOWIzZGUxZmItOThkMS00Y2QxLTg0MTYtMDdhMjRlNTNlYTI3L2ltYWdlXkEyXkFqcGdeQXVyNjc1NTYyMjg@._V1_UX67_CR0,0,67,98_AL_.jpg",High Noon,1952.0,PG,85 min,"Drama, Thriller, Western",7.9,"A town Marshal, despite the disagreements of his newlywed bride and the townspeople around him, must face a gang of deadly killers alone at high noon when the gang leader, an outlaw he sent up years ago, arrives on the noon train.",89.0,Fred Zinnemann,Gary Cooper,Grace Kelly,Thomas Mitchell,Lloyd Bridges,97222.0,9450000.0,85.0
"https://m.media-amazon.com/images/M/MV5BNzkwNjk4ODgtYjRmMi00ODdhLWIyNjUtNWQyMjg2N2E2NjlhXkEyXkFqcGdeQXVyNjE5MjUyOTM@._V1_UX67_CR0,0,67,98_AL_.jpg",Strangers on a Train,1951.0,A,101 min,"Crime, Film-Noir, Thriller",7.9,A psychopath forces a tennis star to comply with his theory that two strangers can get away with murder.,88.0,Alfred Hitchcock,Farley Granger,Robert Walker,Ruth Roman,Leo G. Carroll,123341.0,7630000.0,101.0
"https://m.media-amazon.com/images/M/MV5BZmVhN2JlYjEtZWFkOS00YzE0LThiNDMtMGI3NDA1MTk2ZDQ2XkEyXkFqcGdeQXVyODE5NzE3OTE@._V1_UY98_CR0,0,67,98_AL_.jpg",Raazi,2018.0,UA,138 min,"Action, Drama, Thriller",7.8,A Kashmiri woman agrees to marry a Pakistani army officer in order to spy on Pakistan during the Indo-Pakistan War of 1971.,79.0,Meghna Gulzar,Alia Bhatt,Vicky Kaushal,Rajit Kapoor,Shishir Sharma,25344.0,23584078.5,138.0
"https://m.media-amazon.com/images/M/MV5BYzM2OGQ2NzUtNzlmYi00ZDg4LWExODgtMDVmOTU2Yzg2N2U5XkEyXkFqcGdeQXVyMTMxODk2OTU@._V1_UY98_CR0,0,67,98_AL_.jpg",Kokuhaku,2010.0,,106 min,"Drama, Thriller",7.8,A psychological thriller of a grieving mother turned cold-blooded avenger with a twisty master plan to pay back those who were responsible for her daughter's death.,79.0,Tetsuya Nakashima,Takako Matsu,Yoshino Kimura,Masaki Okada,Yukito Nishii,35713.0,23584078.5,106.0
"https://m.media-amazon.com/images/M/MV5BY2ViOTU5MDQtZTRiZi00YjViLWFiY2ItOTRhNWYyN2ZiMzUyXkEyXkFqcGdeQXVyNTAyODkwOQ@@._V1_UY98_CR1,0,67,98_AL_.jpg",Chugyeokja,2008.0,,125 min,"Action, Crime, Thriller",7.8,A disgraced ex-policeman who runs a small ring of prostitutes finds himself in a race against time when one of his women goes missing.,64.0,Hong-jin Na,Kim Yoon-seok,Jung-woo Ha,Yeong-hie Seo,Yoo-Jeong Kim,58468.0,23584078.5,125.0
"https://m.media-amazon.com/images/M/MV5BYjYzOGE1MjUtODgyMy00ZDAxLTljYTgtNzk0Njg2YWQwMTZhXkEyXkFqcGdeQXVyMDM2NDM2MQ@@._V1_UX67_CR0,0,67,98_AL_.jpg",The Trial of the Chicago 7,2020.0,R,129 min,"Drama, History, Thriller",7.8,"The story of 7 people on trial stemming from various charges surrounding the uprising at the 1968 Democratic National Convention in Chicago, Illinois.",77.0,Aaron Sorkin,Eddie Redmayne,Alex Sharp,Sacha Baron Cohen,Jeremy Strong,89896.0,23584078.5,129.0
"https://m.media-amazon.com/images/M/MV5BMTM4NzQ0OTYyOF5BMl5BanBnXkFtZTcwMDkyNjQyMg@@._V1_UX67_CR0,0,67,98_AL_.jpg",Taken,2008.0,A,90 min,"Action, Thriller",7.8,"A retired CIA agent travels across Europe and relies on his old skills to save his estranged daughter, who has been kidnapped while on a trip to Paris.",51.0,Pierre Morel,Liam Neeson,Maggie Grace,Famke Janssen,Leland Orser,564791.0,145000989.0,90.0
"https://m.media-amazon.com/images/M/MV5BMTI1NDA4NTMyN15BMl5BanBnXkFtZTYwNTA2ODc5._V1_UY98_CR1,0,67,98_AL_.jpg",Gongdong gyeongbi guyeok JSA,2000.0,,110 min,"Action, Drama, Thriller",7.8,"After a shooting incident at the North/South Korean border/DMZ leaves 2 North Korean soldiers dead, a neutral Swiss/Swedish team investigates, what actually happened.",58.0,Chan-wook Park,Lee Yeong-ae,Lee Byung-Hun,Kang-ho Song,Kim Tae-Woo,26518.0,23584078.5,110.0
"https://m.media-amazon.com/images/M/MV5BYzVmMTdjOTYtOTJkYS00ZTg2LWExNTgtNzA1N2Y0MDgwYWFhXkEyXkFqcGdeQXVyMTQxNzMzNDI@._V1_UX67_CR0,0,67,98_AL_.jpg",The Boondock Saints,1999.0,R,108 min,"Action, Crime, Thriller",7.8,Two Irish Catholic brothers become vigilantes and wipe out Boston's criminal underworld in the name of God.,44.0,Troy Duffy,Willem Dafoe,Sean Patrick Flanery,Norman Reedus,David Della Rocco,227143.0,25812.0,108.0
"https://m.media-amazon.com/images/M/MV5BODg0YjAzNDQtOGFkMi00Yzk2LTg1NzYtYTNjY2UwZTM2ZDdkL2ltYWdlXkEyXkFqcGdeQXVyMTQxNzMzNDI@._V1_UY98_CR0,0,67,98_AL_.jpg",The Insider,1999.0,UA,157 min,"Biography, Drama, Thriller",7.8,A research chemist comes under personal and professional attack when he decides to appear in a 60 Minutes exposé on Big Tobacco.,84.0,Michael Mann,Russell Crowe,Al Pacino,Christopher Plummer,Diane Venora,159886.0,28965197.0,157.0
"https://m.media-amazon.com/images/M/MV5BODI3ZTc5NjktOGMyOC00NjYzLTgwZDYtYmQ4NDc1MmJjMjRlXkEyXkFqcGdeQXVyMTQxNzMzNDI@._V1_UX67_CR0,0,67,98_AL_.jpg",Gattaca,1997.0,UA,106 min,"Drama, Sci-Fi, Thriller",7.8,A genetically inferior man assumes the identity of a superior one in order to pursue his lifelong dream of space travel.,64.0,Andrew Niccol,Ethan Hawke,Uma Thurman,Jude Law,Gore Vidal,280845.0,12339633.0,106.0
"https://m.media-amazon.com/images/M/MV5BOTIzZGU4ZWMtYmNjMy00NzU0LTljMGYtZmVkMDYwN2U2MzYwL2ltYWdlXkEyXkFqcGdeQXVyNTAyODkwOQ@@._V1_UX67_CR0,0,67,98_AL_.jpg",Lat sau san taam,1992.0,R,128 min,"Action, Crime, Thriller",7.8,A tough-as-nails cop teams up with an undercover agent to shut down a sinister mobster and his crew.,79.0,John Woo,Yun-Fat Chow,Tony Chiu-Wai Leung,Teresa Mo,Philip Chan,46700.0,23584078.5,128.0
"https://m.media-amazon.com/images/M/MV5BNzY0ODQ3MTMxN15BMl5BanBnXkFtZTgwMDkwNTg4NjE@._V1_UX67_CR0,0,67,98_AL_.jpg",Misery,1990.0,R,107 min,"Drama, Thriller",7.8,"After a famous author is rescued from a car crash by a fan of his novels, he comes to realize that the care he is receiving is only the beginning of a nightmare of captivity and abuse.",75.0,Rob Reiner,James Caan,Kathy Bates,Richard Farnsworth,Frances Sternhagen,184740.0,61276872.0,107.0
"https://m.media-amazon.com/images/M/MV5BNzZlMThlYzktMDlmZC00YTI1LThlNzktZWU0MTY4ODc2ZWY4XkEyXkFqcGdeQXVyNTA1NjYyMDk@._V1_UX67_CR0,0,67,98_AL_.jpg",The Conversation,1974.0,U,113 min,"Drama, Mystery, Thriller",7.8,"A paranoid, secretive surveillance expert has a crisis of conscience when he suspects that the couple he is spying on will be murdered.",85.0,Francis Ford Coppola,Gene Hackman,John Cazale,Allen Garfield,Frederic Forrest,98611.0,4420000.0,113.0
"https://m.media-amazon.com/images/M/MV5BNjZmMWE4NzgtZjc5OS00NTBmLThlY2MtM2MzNTA5NTZiNTFjXkEyXkFqcGdeQXVyNjc1NTYyMjg@._V1_UY98_CR0,0,67,98_AL_.jpg",The Day of the Jackal,1973.0,A,143 min,"Crime, Drama, Thriller",7.8,"A professional assassin codenamed ""Jackal"" plots to kill Charles de Gaulle, the President of France.",80.0,Fred Zinnemann,Edward Fox,Terence Alexander,Michel Auclair,Alan Badel,37445.0,16056255.0,143.0
"https://m.media-amazon.com/images/M/MV5BMTQyNTAzOTI3NF5BMl5BanBnXkFtZTcwNTM0Mjg0Mg@@._V1_UX67_CR0,0,67,98_AL_.jpg",Wait Until Dark,1967.0,,108 min,Thriller,7.8,A recently blinded woman is terrorized by a trio of thugs while they search for a heroin-stuffed doll they believe is in her apartment.,81.0,Terence Young,Audrey Hepburn,Alan Arkin,Richard Crenna,Efrem Zimbalist Jr.,27733.0,17550741.0,108.0
"https://m.media-amazon.com/images/M/MV5BM2I1YWM4NTYtYjA0Ny00ZDEwLTg3NTgtNzBjMzZhZTk1YTA1XkEyXkFqcGdeQXVyMTY5Nzc4MDY@._V1_UX67_CR0,0,67,98_AL_.jpg",Shadow of a Doubt,1943.0,PG,108 min,"Film-Noir, Thriller",7.8,"A young girl, overjoyed when her favorite uncle comes to visit the family, slowly begins to suspect that he is in fact the ""Merry Widow"" killer sought by the authorities.",94.0,Alfred Hitchcock,Teresa Wright,Joseph Cotten,Macdonald Carey,Henry Travers,59556.0,23584078.5,108.0
"https://m.media-amazon.com/images/M/MV5BNjk3YzFjYTktOGY0ZS00Y2EwLTk2NTctYTI1Nzc2OWNiN2I4XkEyXkFqcGdeQXVyNzM0MTUwNTY@._V1_UX67_CR0,0,67,98_AL_.jpg",The Lady Vanishes,1938.0,,96 min,"Mystery, Thriller",7.8,"While travelling in continental Europe, a rich young playgirl realizes that an elderly lady seems to have disappeared from the train.",98.0,Alfred Hitchcock,Margaret Lockwood,Michael Redgrave,Paul Lukas,May Whitty,47400.0,23584078.5,96.0
"https://m.media-amazon.com/images/M/MV5BMjUxMDQwNjcyNl5BMl5BanBnXkFtZTgwNzcwMzc0MTI@._V1_UX67_CR0,0,67,98_AL_.jpg",Get Out,2017.0,R,104 min,"Horror, Mystery, Thriller",7.7,"A young African-American visits his white girlfriend's parents for the weekend, where his simmering uneasiness about their reception of him eventually reaches a boiling point.",85.0,Jordan Peele,Daniel Kaluuya,Allison Williams,Bradley Whitford,Catherine Keener,492851.0,176040665.0,104.0
"https://m.media-amazon.com/images/M/MV5BNjRlZmM0ODktY2RjNS00ZDdjLWJhZGYtNDljNWZkMGM5MTg0XkEyXkFqcGdeQXVyNjAwMjI5MDk@._V1_UX67_CR0,0,67,98_AL_.jpg",Mission: Impossible - Fallout,2018.0,UA,147 min,"Action, Adventure, Thriller",7.7,"Ethan Hunt and his IMF team, along with some familiar allies, race against time after a mission gone wrong.",86.0,Christopher McQuarrie,Tom Cruise,Henry Cavill,Ving Rhames,Simon Pegg,291257.0,220159104.0,147.0
"https://m.media-amazon.com/images/M/MV5BNjE5MzYwMzYxMF5BMl5BanBnXkFtZTcwOTk4MTk0OQ@@._V1_UX67_CR0,0,67,98_AL_.jpg",Gravity,2013.0,UA,91 min,"Drama, Sci-Fi, Thriller",7.7,Two astronauts work together to survive after an accident leaves them stranded in space.,96.0,Alfonso Cuarón,Sandra Bullock,George Clooney,Ed Harris,Orto Ignatiussen,769145.0,274092705.0,91.0
"https://m.media-amazon.com/images/M/MV5BMWZiNjE2OWItMTkwNy00ZWQzLWI0NTgtMWE0NjNiYTljN2Q1XkEyXkFqcGdeQXVyNzAwMjYxMzA@._V1_UX67_CR0,0,67,98_AL_.jpg",Skyfall,2012.0,UA,143 min,"Action, Adventure, Thriller",7.7,"James Bond's loyalty to M is tested when her past comes back to haunt her. When MI6 comes under attack, 007 must track down and destroy the threat, no matter how personal the cost.",81.0,Sam Mendes,Daniel Craig,Javier Bardem,Naomie Harris,Judi Dench,630614.0,304360277.0,143.0
"https://m.media-amazon.com/images/M/MV5BNzljNjY3MDYtYzc0Ni00YjU0LWIyNDUtNTE0ZDRiMGExMjZlXkEyXkFqcGdeQXVyMTMxODk2OTU@._V1_UX67_CR0,0,67,98_AL_.jpg",Argo,2012.0,A,120 min,"Biography, Drama, Thriller",7.7,"Acting under the cover of a Hollywood producer scouting a location for a science fiction film, a CIA agent launches a dangerous operation to rescue six Americans in Tehran during the U.S. hostage crisis in Iran in 1979.",86.0,Ben Affleck,Ben Affleck,Bryan Cranston,John Goodman,Alan Arkin,572581.0,136025503.0,120.0
"https://m.media-amazon.com/images/M/MV5BMTUxNzc0OTIxMV5BMl5BanBnXkFtZTgwNDI3NzU2NDE@._V1_UX67_CR0,0,67,98_AL_.jpg",Ex Machina,2014.0,UA,108 min,"Drama, Sci-Fi, Thriller",7.7,A young programmer is selected to participate in a ground-breaking experiment in synthetic intelligence by evaluating the human qualities of a highly advanced humanoid A.I.,78.0,Alex Garland,Alicia Vikander,Domhnall Gleeson,Oscar Isaac,Sonoya Mizuno,474141.0,25442958.0,108.0
"https://m.media-amazon.com/images/M/MV5BODFlNTI0ZWQtOTcxNC00OTc0LTkwZDUtMmNkM2I1ZWFlYzZkXkEyXkFqcGdeQXVyNTIzOTk5ODM@._V1_UY98_CR2,0,67,98_AL_.jpg",Zwartboek,2006.0,R,145 min,"Drama, Thriller, War",7.7,"In the Nazi-occupied Netherlands during World War II, a Jewish singer infiltrates the regional Gestapo headquarters for the Dutch resistance.",71.0,Paul Verhoeven,Carice van Houten,Sebastian Koch,Thom Hoffman,Halina Reijn,72643.0,4398392.0,145.0
"https://m.media-amazon.com/images/M/MV5BOTk1OTA1MjIyNV5BMl5BanBnXkFtZTcwODQxMTkyMQ@@._V1_UX67_CR0,0,67,98_AL_.jpg",Crash,2004.0,UA,112 min,"Crime, Drama, Thriller",7.7,"Los Angeles citizens with vastly separate lives collide in interweaving stories of race, loss and redemption.",66.0,Paul Haggis,Don Cheadle,Sandra Bullock,Thandie Newton,Karina Arroyave,419483.0,54580300.0,112.0
"https://m.media-amazon.com/images/M/MV5BYTIyMDFmMmItMWQzYy00MjBiLTg2M2UtM2JiNDRhOWE4NjBhXkEyXkFqcGdeQXVyNjU0OTQ0OTY@._V1_UX67_CR0,0,67,98_AL_.jpg",The Bourne Supremacy,2004.0,A,108 min,"Action, Mystery, Thriller",7.7,"When Jason Bourne is framed for a CIA operation gone awry, he is forced to resume his former life as a trained assassin to survive.",73.0,Paul Greengrass,Matt Damon,Franka Potente,Joan Allen,Brian Cox,434841.0,176241941.0,108.0
"https://m.media-amazon.com/images/M/MV5BNjk1NzBlY2YtNjJmNi00YTVmLWI2OTgtNDUxNDE5NjUzZmE0XkEyXkFqcGdeQXVyNTc1NTQxODI@._V1_UX67_CR0,0,67,98_AL_.jpg",The Machinist,2004.0,R,101 min,"Drama, Thriller",7.7,An industrial worker who hasn't slept in a year begins to doubt his own sanity.,61.0,Brad Anderson,Christian Bale,Jennifer Jason Leigh,Aitana Sánchez-Gijón,John Sharian,358432.0,1082715.0,101.0
"https://m.media-amazon.com/images/M/MV5BNjcxMmQ0MmItYTkzYy00MmUyLTlhOTQtMmJmNjE3MDMwYjdlXkEyXkFqcGdeQXVyNzkwMjQ5NzM@._V1_UX67_CR0,0,67,98_AL_.jpg",Road to Perdition,2002.0,A,117 min,"Crime, Drama, Thriller",7.7,"A mob enforcer's son witnesses a murder, forcing him and his father to take to the road, and his father down a path of redemption and revenge.",72.0,Sam Mendes,Tom Hanks,Tyler Hoechlin,Rob Maxey,Liam Aiken,246840.0,104454762.0,117.0
"https://m.media-amazon.com/images/M/MV5BNThiMDc1YjUtYmE3Zi00MTM1LTkzM2MtNjdlNzQ4ZDlmYjRmXkEyXkFqcGdeQXVyMTQxNzMzNDI@._V1_UY98_CR1,0,67,98_AL_.jpg",Das Experiment,2001.0,R,120 min,"Drama, Thriller",7.7,"For two weeks, 20 male participants are hired to play prisoners and guards in a prison. The ""prisoners"" have to follow seemingly mild rules, and the ""guards"" are told to retain order without using physical violence.",60.0,Oliver Hirschbiegel,Moritz Bleibtreu,Christian Berkel,Oliver Stokowski,Wotan Wilke Möhring,90842.0,141072.0,120.0
"https://m.media-amazon.com/images/M/MV5BYzVmYzVkMmUtOGRhMi00MTNmLThlMmUtZTljYjlkMjNkMjJkXkEyXkFqcGdeQXVyNDk3NzU2MTQ@._V1_UX67_CR0,0,67,98_AL_.jpg",Ocean's Eleven,2001.0,UA,116 min,"Crime, Thriller",7.7,Danny Ocean and his ten accomplices plan to rob three Las Vegas casinos simultaneously.,74.0,Steven Soderbergh,George Clooney,Brad Pitt,Julia Roberts,Matt Damon,516372.0,183417150.0,116.0
"https://m.media-amazon.com/images/M/MV5BMDZkMTUxYWEtMDY5NS00ZTA5LTg3MTItNTlkZWE1YWRjYjMwL2ltYWdlL2ltYWdlXkEyXkFqcGdeQXVyMTQxNzMzNDI@._V1_UX67_CR0,0,67,98_AL_.jpg",Training Day,2001.0,A,122 min,"Crime, Drama, Thriller",7.7,A rookie cop spends his first day as a Los Angeles narcotics officer with a rogue detective who isn't what he appears to be.,69.0,Antoine Fuqua,Denzel Washington,Ethan Hawke,Scott Glenn,Tom Berenger,390247.0,76631907.0,122.0
"https://m.media-amazon.com/images/M/MV5BMmRlZDQ1MmUtMzE2Yi00YTkxLTk1MGMtYmIyYWQwODcxYzRlXkEyXkFqcGdeQXVyNTI4MjkwNjA@._V1_UX67_CR0,0,67,98_AL_.jpg",A Few Good Men,1992.0,U,138 min,"Drama, Thriller",7.7,Military lawyer Lieutenant Daniel Kaffee defends Marines accused of murder. They contend they were acting under orders.,62.0,Rob Reiner,Tom Cruise,Jack Nicholson,Demi Moore,Kevin Bacon,235388.0,141340178.0,138.0
"https://m.media-amazon.com/images/M/MV5BMTgxMDMxMTctNDY0Zi00ZmNlLWFlYmQtODA2YjY4MDk4MjU1XkEyXkFqcGdeQXVyNTc1NTQxODI@._V1_UX67_CR0,0,67,98_AL_.jpg",Barton Fink,1991.0,U,116 min,"Comedy, Drama, Thriller",7.7,A renowned New York playwright is enticed to California to write for the movies and discovers the hellish truth of Hollywood.,69.0,Joel Coen,Ethan Coen,John Turturro,John Goodman,Judy Davis,113240.0,6153939.0,116.0
"https://m.media-amazon.com/images/M/MV5BMTY2Njk3MTAzM15BMl5BanBnXkFtZTgwMTY5Mzk4NjE@._V1_UX67_CR0,0,67,98_AL_.jpg",Miller's Crossing,1990.0,R,115 min,"Crime, Drama, Thriller",7.7,"Tom Reagan, an advisor to a Prohibition-era crime boss, tries to keep the peace between warring mobs but gets caught in divided loyalties.",66.0,Joel Coen,Ethan Coen,Gabriel Byrne,Albert Finney,John Turturro,125822.0,5080409.0,115.0
"https://m.media-amazon.com/images/M/MV5BNDcwMTYzMjctN2M2Yy00ZDcxLWJhNTEtMGNhYzEwYzc2NDE4XkEyXkFqcGdeQXVyNTI4MjkwNjA@._V1_UY98_CR0,0,67,98_AL_.jpg",Spoorloos,1988.0,,107 min,"Mystery, Thriller",7.7,"Rex and Saskia, a young couple in love, are on vacation. They stop at a busy service station and Saskia is abducted. After three years and no sign of Saskia, Rex begins receiving letters from the abductor.",79.0,George Sluizer,Bernard-Pierre Donnadieu,Gene Bervoets,Johanna ter Steege,Gwen Eckhaus,33982.0,23584078.5,107.0
"https://m.media-amazon.com/images/M/MV5BMzExOTczNTgtN2Q1Yy00MmI1LWE0NjgtNmIwMzdmZGNlODU1XkEyXkFqcGdeQXVyNDkzNTM2ODg@._V1_UX67_CR0,0,67,98_AL_.jpg",Blue Velvet,1986.0,A,120 min,"Drama, Mystery, Thriller",7.7,"The discovery of a severed human ear found in a field leads a young man on an investigation related to a beautiful, mysterious nightclub singer and a group of psychopathic criminals who have kidnapped her child.",76.0,David Lynch,Isabella Rossellini,Kyle MacLachlan,Dennis Hopper,Laura Dern,181285.0,8551228.0,120.0
"https://m.media-amazon.com/images/M/MV5BNzk1OGU2NmMtNTdhZC00NjdlLWE5YTMtZTQ0MGExZTQzOGQyXkEyXkFqcGdeQXVyMTQxNzMzNDI@._V1_UX67_CR0,0,67,98_AL_.jpg",Halloween,1978.0,A,91 min,"Horror, Thriller",7.7,"Fifteen years after murdering his sister on Halloween night 1963, Michael Myers escapes from a mental hospital and returns to the small town of Haddonfield, Illinois to kill again.",87.0,John Carpenter,Donald Pleasence,Jamie Lee Curtis,Tony Moran,Nancy Kyes,233106.0,47000000.0,91.0
"https://m.media-amazon.com/images/M/MV5BYmVhMDQ1YWUtYjgxOS00NzYyLWI0ZGItNTg3ZjM0MmQ4NmIwXkEyXkFqcGdeQXVyMjQzMzQzODY@._V1_UY98_CR3,0,67,98_AL_.jpg",Le locataire,1976.0,R,126 min,"Drama, Thriller",7.7,A bureaucrat rents a Paris apartment where he finds himself drawn into a rabbit hole of dangerous paranoia.,71.0,Roman Polanski,Roman Polanski,Isabelle Adjani,Melvyn Douglas,Jo Van Fleet,39889.0,1924733.0,126.0
"https://m.media-amazon.com/images/M/MV5BMjE1NDY0NDk3Ml5BMl5BanBnXkFtZTcwMTAzMTM3NA@@._V1_UX67_CR0,0,67,98_AL_.jpg",The Taking of Pelham One Two Three,1974.0,U,104 min,"Action, Crime, Thriller",7.7,"In New York, armed men hijack a subway car and demand a ransom for the passengers. Even if it's paid, how could they get away?",68.0,Joseph Sargent,Walter Matthau,Robert Shaw,Martin Balsam,Hector Elizondo,26729.0,23584078.5,104.0
"https://m.media-amazon.com/images/M/MV5BZjBhYzU3NWItOWZjMy00NjI5LWFmYmItZmIyOWFlMDIxMWNiXkEyXkFqcGdeQXVyMTQxNzMzNDI@._V1_UX67_CR0,0,67,98_AL_.jpg",Deliverance,1972.0,U,109 min,"Adventure, Drama, Thriller",7.7,"Intent on seeing the Cahulawassee River before it's dammed and turned into a lake, outdoor fanatic Lewis Medlock takes his friends on a canoeing trip they'll never forget into the dangerous American back-country.",80.0,John Boorman,Jon Voight,Burt Reynolds,Ned Beatty,Ronny Cox,98740.0,7056013.0,109.0
"https://m.media-amazon.com/images/M/MV5BMzdhMTM2YTItOWU2YS00MTM0LTgyNDYtMDM1OWM3NzkzNTM2XkEyXkFqcGdeQXVyNjc1NTYyMjg@._V1_UX67_CR0,0,67,98_AL_.jpg",Dirty Harry,1971.0,A,102 min,"Action, Crime, Thriller",7.7,"When a madman calling himself ""the Scorpio Killer"" menaces the city, tough-as-nails San Francisco Police Inspector ""Dirty"" Harry Callahan is assigned to track down and ferret out the crazed psychopath.",90.0,Don Siegel,Clint Eastwood,Andrew Robinson,Harry Guardino,Reni Santoni,143292.0,35900000.0,102.0
"https://m.media-amazon.com/images/M/MV5BZTU5ZThjNzAtNjc4NC00OTViLWIxYTYtODFmMTk5Y2NjZjZiL2ltYWdlL2ltYWdlXkEyXkFqcGdeQXVyNjc1NTYyMjg@._V1_UX67_CR0,0,67,98_AL_.jpg",Repulsion,1965.0,,105 min,"Drama, Horror, Thriller",7.7,A sex-repulsed woman who disapproves of her sister's boyfriend sinks into depression and has horrific visions of rape and violence.,91.0,Roman Polanski,Catherine Deneuve,Ian Hendry,John Fraser,Yvonne Furneaux,48883.0,23584078.5,105.0
"https://m.media-amazon.com/images/M/MV5BMTQ2MzE0OTU3NV5BMl5BanBnXkFtZTcwNjQxNTgzNA@@._V1_UX67_CR0,0,67,98_AL_.jpg",Goldfinger,1964.0,A,110 min,"Action, Adventure, Thriller",7.7,"While investigating a gold magnate's smuggling, James Bond uncovers a plot to contaminate the Fort Knox gold reserve.",87.0,Guy Hamilton,Sean Connery,Gert Fröbe,Honor Blackman,Shirley Eaton,174119.0,51081062.0,110.0
"https://m.media-amazon.com/images/M/MV5BOWNlMTJmMWUtYjk0MC00M2U4LWI1ODItZDgxNDZiODFmNjc5XkEyXkFqcGdeQXVyMTAwMzUyOTc@._V1_UX67_CR0,0,67,98_AL_.jpg",Cape Fear,1962.0,Passed,106 min,"Drama, Thriller",7.7,A lawyer's family is stalked by a man he once helped put in jail.,76.0,J. Lee Thompson,Gregory Peck,Robert Mitchum,Polly Bergen,Lori Martin,26457.0,23584078.5,106.0
"https://m.media-amazon.com/images/M/MV5BZjM3ZTAzZDYtZmFjZS00YmQ1LWJlOWEtN2I4MDRmYzY5YmRlL2ltYWdlXkEyXkFqcGdeQXVyMjgyNjk3MzE@._V1_UX67_CR0,0,67,98_AL_.jpg",Peeping Tom,1960.0,,101 min,"Drama, Horror, Thriller",7.7,"A young man murders women, using a movie camera to film their dying expressions of terror.",79.0,Michael Powell,Karlheinz Böhm,Anna Massey,Moira Shearer,Maxine Audley,31354.0,83957.0,101.0
"https://m.media-amazon.com/images/M/MV5BMjIwOTA3NDI3MF5BMl5BanBnXkFtZTgwNzIzMzA5NTM@._V1_UX67_CR0,0,67,98_AL_.jpg",Searching,2018.0,U/A,102 min,"Drama, Mystery, Thriller",7.6,"After his teenage daughter goes missing, a desperate father tries to find clues on her laptop.",71.0,Aneesh Chaganty,John Cho,Debra Messing,Joseph Lee,Michelle La,140840.0,26020957.0,102.0
"https://m.media-amazon.com/images/M/MV5BMjIxOTI0MjU5NV5BMl5BanBnXkFtZTgwNzM4OTk4NTE@._V1_UX67_CR0,0,67,98_AL_.jpg",Bridge of Spies,2015.0,UA,142 min,"Drama, History, Thriller",7.6,"During the Cold War, an American lawyer is recruited to defend an arrested Soviet spy in court, and then help the CIA facilitate an exchange of the spy for the Soviet captured American U2 spy plane pilot, Francis Gary Powers.",81.0,Steven Spielberg,Tom Hanks,Mark Rylance,Alan Alda,Amy Ryan,287659.0,72313754.0,142.0
"https://m.media-amazon.com/images/M/MV5BNGMxZjFkN2EtMDRiMS00ZTBjLWI0M2MtZWUyYjFhZGViZDJlXkEyXkFqcGdeQXVyMTMxODk2OTU@._V1_UX67_CR0,0,67,98_AL_.jpg",El cuerpo,2012.0,,112 min,"Mystery, Thriller",7.6,A detective searches for the body of a femme fatale which has gone missing from a morgue.,79.0,Oriol Paulo,Jose Coronado,Hugo Silva,Belén Rueda,Aura Garrido,57549.0,23584078.5,112.0
"https://m.media-amazon.com/images/M/MV5BZGIxODNjM2YtZjA5Mi00MjA5LTk2YjItODE0OWI5NThjNTBmXkEyXkFqcGdeQXVyNzQ1ODk3MTQ@._V1_UX67_CR0,0,67,98_AL_.jpg",Serbuan maut,2011.0,A,101 min,"Action, Thriller",7.6,A S.W.A.T. team becomes trapped in a tenement run by a ruthless mobster and his army of killers and thugs.,73.0,Gareth Evans,Iko Uwais,Ananda George,Ray Sahetapy,Donny Alamsyah,190531.0,4105123.0,101.0
"https://m.media-amazon.com/images/M/MV5BYmFmNjY5NDYtZjlhNi00YjQ5LTgzNzctNWRiNWUzNmIyNjc4XkEyXkFqcGdeQXVyMTMxODk2OTU@._V1_UY98_CR0,0,67,98_AL_.jpg",La piel que habito,2011.0,R,120 min,"Drama, Horror, Thriller",7.6,"A brilliant plastic surgeon, haunted by past tragedies, creates a type of synthetic skin that withstands any kind of damage. His guinea pig: a mysterious and volatile woman who holds the key to his obsession.",70.0,Pedro Almodóvar,Antonio Banderas,Elena Anaya,Jan Cornet,Marisa Paredes,138959.0,3185812.0,120.0
"https://m.media-amazon.com/images/M/MV5BMzc0ZmUyZjAtZThkMi00ZDY5LTg5YjctYmUwM2FiYjMyMDI5XkEyXkFqcGdeQXVyMTMxODk2OTU@._V1_UX67_CR0,0,67,98_AL_.jpg",Die Welle,2008.0,,107 min,"Drama, Thriller",7.6,A high school teacher's experiment to demonstrate to his students what life is like under a dictatorship spins horribly out of control when he forms a social unit with a life of its own.,79.0,Dennis Gansel,Jürgen Vogel,Frederick Lau,Max Riemelt,Jennifer Ulrich,102742.0,23584078.5,107.0
"https://m.media-amazon.com/images/M/MV5BMTI5Mzk1MDc2M15BMl5BanBnXkFtZTcwMjIzMDA0MQ@@._V1_UX67_CR0,0,67,98_AL_.jpg",Dead Man's Shoes,2004.0,,90 min,"Crime, Drama, Thriller",7.6,A disaffected soldier returns to his hometown to get even with the thugs who brutalized his mentally-challenged brother years ago.,52.0,Shane Meadows,Paddy Considine,Gary Stretch,Toby Kebbell,Stuart Wolfenden,49728.0,6013.0,90.0
"https://m.media-amazon.com/images/M/MV5BMjRjOTMwMDEtNTY4NS00OWRjLWI4ZWItZDgwYmZhMzlkYzgxXkEyXkFqcGdeQXVyODIxOTg5MTc@._V1_UY98_CR1,0,67,98_AL_.jpg",Match Point,2005.0,R,124 min,"Drama, Romance, Thriller",7.6,"At a turning point in his life, a former tennis pro falls for an actress who happens to be dating his friend and soon-to-be brother-in-law.",72.0,Woody Allen,Scarlett Johansson,Jonathan Rhys Meyers,Emily Mortimer,Matthew Goode,206294.0,23089926.0,124.0
"https://m.media-amazon.com/images/M/MV5BMzQ2ZTBhNmEtZDBmYi00ODU0LTgzZmQtNmMxM2M4NzM1ZjE4XkEyXkFqcGdeQXVyNjE5MjUyOTM@._V1_UX67_CR0,0,67,98_AL_.jpg",Saw,2004.0,UA,103 min,"Horror, Mystery, Thriller",7.6,"Two strangers awaken in a room with no recollection of how they got there, and soon discover they're pawns in a deadly game perpetrated by a notorious serial killer.",46.0,James Wan,Cary Elwes,Leigh Whannell,Danny Glover,Ken Leung,379020.0,56000369.0,103.0
"https://m.media-amazon.com/images/M/MV5BMjA4MjI2OTM5N15BMl5BanBnXkFtZTcwNDA1NjUzMw@@._V1_UX67_CR0,0,67,98_AL_.jpg",21 Grams,2003.0,UA,124 min,"Crime, Drama, Thriller",7.6,"A freak accident brings together a critically ill mathematician, a grieving mother, and a born-again ex-con.",70.0,Alejandro G. Iñárritu,Sean Penn,Benicio Del Toro,Naomi Watts,Danny Huston,224545.0,16290476.0,124.0
"https://m.media-amazon.com/images/M/MV5BYmNlNDVjMWUtZDZjNS00YTBmLWE3NGUtNDcxMzE0YTQ2ODMxXkEyXkFqcGdeQXVyMTMxODk2OTU@._V1_UX67_CR0,0,67,98_AL_.jpg",Boksuneun naui geot,2002.0,R,129 min,"Crime, Drama, Thriller",7.6,"A recently laid off factory worker kidnaps his former boss' friend's daughter, hoping to use the ransom money to pay for his sister's kidney transplant.",56.0,Chan-wook Park,Kang-ho Song,Shin Ha-kyun,Bae Doona,Ji-Eun Lim,62659.0,45289.0,129.0
"https://m.media-amazon.com/images/M/MV5BODNiZmY2MWUtMjFhMy00ZmM2LTg2MjYtNWY1OTY5NGU2MjdjL2ltYWdlXkEyXkFqcGdeQXVyNTAyODkwOQ@@._V1_UY98_CR0,0,67,98_AL_.jpg",The Butterfly Effect,2004.0,U,113 min,"Drama, Sci-Fi, Thriller",7.6,"Evan Treborn suffers blackouts during significant events of his life. As he grows up, he finds a way to remember these lost memories and a supernatural way to alter his life by reading his journal.",30.0,Eric Bress,J. Mackye Gruber,Ashton Kutcher,Amy Smart,Melora Walters,451479.0,57938693.0,113.0
"https://m.media-amazon.com/images/M/MV5BMTAxMDE4Mzc3ODNeQTJeQWpwZ15BbWU4MDY2Mjg4MDcx._V1_UX67_CR0,0,67,98_AL_.jpg",The Others,2001.0,PG-13,101 min,"Horror, Mystery, Thriller",7.6,A woman who lives in her darkened old family house with her two photosensitive children becomes convinced that the home is haunted.,74.0,Alejandro Amenábar,Nicole Kidman,Christopher Eccleston,Fionnula Flanagan,Alakina Mann,337651.0,96522687.0,101.0
"https://m.media-amazon.com/images/M/MV5BMmU5ZjFmYjQtYmNjZC00Yjk4LWI1ZTQtZDJiMjM0YjQyNDU0L2ltYWdlL2ltYWdlXkEyXkFqcGdeQXVyMTQxNzMzNDI@._V1_UX67_CR0,0,67,98_AL_.jpg",Lola rennt,1998.0,UA,81 min,"Crime, Drama, Thriller",7.6,"After a botched money delivery, Lola has 20 minutes to come up with 100,000 Deutschmarks.",77.0,Tom Tykwer,Franka Potente,Moritz Bleibtreu,Herbert Knaup,Nina Petri,188317.0,7267585.0,81.0
"https://m.media-amazon.com/images/M/MV5BMTkyNTAzZDYtNWUzYi00ODVjLTliZjYtNjc2YzJmODZhNTg3XkEyXkFqcGdeQXVyNjUxMDQ0MTg@._V1_UY98_CR6,0,67,98_AL_.jpg",Funny Games,1997.0,A,108 min,"Crime, Drama, Thriller",7.6,"Two violent young men take a mother, father, and son hostage in their vacation cabin and force them to play sadistic ""games"" with one another for their own amusement.",69.0,Michael Haneke,Susanne Lothar,Ulrich Mühe,Arno Frisch,Frank Giering,65058.0,23584078.5,108.0
"https://m.media-amazon.com/images/M/MV5BMGExOGExM2UtNWM5ZS00OWEzLTllNzYtM2NlMTJlYjBlZTJkXkEyXkFqcGdeQXVyMTQxNzMzNDI@._V1_UX67_CR0,0,67,98_AL_.jpg",Dark City,1998.0,A,100 min,"Mystery, Sci-Fi, Thriller",7.6,"A man struggles with memories of his past, which include a wife he cannot remember and a nightmarish world no one else ever seems to wake up from.",66.0,Alex Proyas,Rufus Sewell,Kiefer Sutherland,Jennifer Connelly,William Hurt,187927.0,14378331.0,100.0
"https://m.media-amazon.com/images/M/MV5BMzk1MmI4NzAtOGRiNS00YjY1LTllNmEtZDhiZDM4MjU2NTMxXkEyXkFqcGdeQXVyNjc3MjQzNTI@._V1_UY98_CR1,0,67,98_AL_.jpg",Sleepers,1996.0,UA,147 min,"Crime, Drama, Thriller",7.6,"After a prank goes disastrously wrong, a group of boys are sent to a detention center where they are brutalized. Thirteen years later, an unexpected random encounter with a former guard gives them a chance for revenge.",49.0,Barry Levinson,Robert De Niro,Kevin Bacon,Brad Pitt,Jason Patric,186734.0,49100000.0,147.0
"https://m.media-amazon.com/images/M/MV5BYWUxOWY4NDctMDFmMS00ZTQwLWExMGEtODg0ZWNhOTE5NzZmXkEyXkFqcGdeQXVyMTQxNzMzNDI@._V1_UY98_CR0,0,67,98_AL_.jpg",Lost Highway,1997.0,A,134 min,"Mystery, Thriller",7.6,"Anonymous videotapes presage a musician's murder conviction, and a gangster's girlfriend leads a mechanic astray.",52.0,David Lynch,Bill Pullman,Patricia Arquette,John Roselius,Louis Eppolito,131101.0,3796699.0,134.0
"https://m.media-amazon.com/images/M/MV5BZjI0ZWFiMmQtMjRlZi00ZmFhLWI4NmYtMjQ5YmY0MzIyMzRiXkEyXkFqcGdeQXVyMTQxNzMzNDI@._V1_UX67_CR0,0,67,98_AL_.jpg",Die Hard: With a Vengeance,1995.0,A,128 min,"Action, Adventure, Thriller",7.6,"John McClane and a Harlem store owner are targeted by German terrorist Simon in New York City, where he plans to rob the Federal Reserve Building.",58.0,John McTiernan,Bruce Willis,Jeremy Irons,Samuel L. Jackson,Graham Greene,364420.0,100012499.0,128.0
"https://m.media-amazon.com/images/M/MV5BZTllNWNlZjctMWQwMS00ZDc3LTg5ZjMtNzhmNzhjMmVhYTFlXkEyXkFqcGdeQXVyNTc1NTQxODI@._V1_UX67_CR0,0,67,98_AL_.jpg",Lethal Weapon,1987.0,A,109 min,"Action, Crime, Thriller",7.6,Two newly paired cops who are complete opposites must put aside their differences in order to catch a gang of drug smugglers.,68.0,Richard Donner,Mel Gibson,Danny Glover,Gary Busey,Mitchell Ryan,236894.0,65207127.0,109.0
"https://m.media-amazon.com/images/M/MV5BZmI5YzM1MjItMzFmNy00NGFkLThlMDUtZjZmYTZkM2QxMjU3XkEyXkFqcGdeQXVyNzkwMjQ5NzM@._V1_UX67_CR0,0,67,98_AL_.jpg",Blood Simple,1984.0,A,99 min,"Crime, Drama, Thriller",7.6,"The owner of a seedy small-town Texas bar discovers that one of his employees is having an affair with his wife. A chaotic chain of misunderstandings, lies and mischief ensues after he devises a plot to have them murdered.",82.0,Joel Coen,Ethan Coen,John Getz,Frances McDormand,Dan Hedaya,87745.0,2150000.0,99.0
"https://m.media-amazon.com/images/M/MV5BYTU2MWRiMTMtYzAzZi00NGYzLTlkMDEtNWQ3MzZlNTJlNzZkL2ltYWdlL2ltYWdlXkEyXkFqcGdeQXVyNjc1NTYyMjg@._V1_UX67_CR0,0,67,98_AL_.jpg",The Warriors,1979.0,UA,92 min,"Action, Crime, Thriller",7.6,"In the near future, a charismatic leader summons the street gangs of New York City in a bid to take it over. When he is killed, The Warriors are falsely blamed and now must fight their way home while every other gang is hunting them down.",65.0,Walter Hill,Michael Beck,James Remar,Dorsey Wright,Brian Tyler,93878.0,22490039.0,92.0
"https://m.media-amazon.com/images/M/MV5BYTE4YWU0NjAtMjNiYi00MTNiLTgwYzctZjk0YjY5NGVhNWQwXkEyXkFqcGdeQXVyMTY5Nzc4MDY@._V1_UY98_CR0,0,67,98_AL_.jpg",Blowup,1966.0,A,111 min,"Drama, Mystery, Thriller",7.6,A fashion photographer unknowingly captures a death on film after following two lovers in a park.,82.0,Michelangelo Antonioni,David Hemmings,Vanessa Redgrave,Sarah Miles,John Castle,56513.0,23584078.5,111.0
"https://m.media-amazon.com/images/M/MV5BMTY5ODAzMTcwOF5BMl5BanBnXkFtZTcwMzYxNDYyNA@@._V1_UX67_CR0,0,67,98_AL_.jpg",The 39 Steps,1935.0,,86 min,"Crime, Mystery, Thriller",7.6,"A man in London tries to help a counter-espionage Agent. But when the Agent is killed, and the man stands accused, he must go on the run to save himself and stop a spy ring which is trying to steal top secret information.",93.0,Alfred Hitchcock,Robert Donat,Madeleine Carroll,Lucie Mannheim,Godfrey Tearle,51853.0,23584078.5,86.0
